file,current_yaml_tags,inline_tags,keywords_top,proposed_tags
notes\MK\10_research\2025-06-29.md,tiktok asmr mtg obisidian daily,,tiktok asmr mtg obisidian created daily sns status ã‚·ãƒ§ãƒ¼ãƒˆ ãƒã‚º,tiktok asmr mtg obisidian created
notes\MK\10_research\2025-06-30.md,chatgpt gpt4 ãƒ—ãƒ­ãƒ³ãƒ—ãƒˆ daily,,chatgpt gpt4 ãƒ—ãƒ­ãƒ³ãƒ—ãƒˆ created daily status,chatgpt gpt4 ãƒ—ãƒ­ãƒ³ãƒ—ãƒˆ created daily
notes\MK\10_research\2025-07-01.md,chatgpt ãƒ—ãƒ­ãƒ³ãƒ—ãƒˆ gtp inst daily,,chatgpt ãƒ—ãƒ­ãƒ³ãƒ—ãƒˆ gtp inst created daily sora status suno tiktok,chatgpt ãƒ—ãƒ­ãƒ³ãƒ—ãƒˆ gtp inst created
notes\MK\10_research\2025-07-02.md,twitter,,twitter created status,twitter created status
notes\MK\10_research\2025-08-29.md,monat obsidian,,monat obsidian created status,monat obsidian created status
notes\MK\10_research\2025-13-01.md,aaaa daily,,aaaa created daily status,aaaa created daily status
notes\MK\10_research\2025å¹´ç‰ˆ ç”ŸæˆAIãƒ»å¤§è¦æ¨¡è¨€èªžãƒ¢ãƒ‡ãƒ«ã‚’å­¦ã¶ãŸã‚ã®30å†Šï¼ˆå¿…é ˆ5å†Š+å®šç•ª15å†Š+å·®ã‚’ã¤ã‘ã‚‹10å†Šï¼‰.md,comments ãƒ¢ãƒ‡ãƒ« llm ãƒ—ãƒ­ãƒ³ãƒ—ãƒˆ rag,comments,ãƒ¢ãƒ‡ãƒ« llm ãƒ—ãƒ­ãƒ³ãƒ—ãƒˆ rag ã‚¨ãƒ¼ã‚¸ã‚§ãƒ³ãƒˆ transformer ãƒ†ã‚­ã‚¹ãƒˆ ãƒ—ãƒ­ãƒ³ãƒ—ãƒˆã‚¨ãƒ³ã‚¸ãƒ‹ã‚¢ãƒªãƒ³ã‚° ã‚¨ãƒ³ã‚¸ãƒ‹ã‚¢ ãƒ¦ãƒ¼ã‚¶,comments ãƒ¢ãƒ‡ãƒ« llm ãƒ—ãƒ­ãƒ³ãƒ—ãƒˆ rag
notes\MK\10_research\ChatGPTã«æ‚©ã¿ã‚’ç›¸è«‡ã—ç¶šã‘ã¦4ã‚«æœˆã€ã€Œã‚ã€ãƒ¤ãƒã„ã‹ã‚‚ã€ã¨æ€ã£ãŸè©±.md,globalnav footer amazonã‚»ãƒ¼ãƒ« ãƒ©ã‚¤ãƒ•ãƒãƒƒã‚«ãƒ¼ chatgpt,globalnav footer amazonã‚»ãƒ¼ãƒ«,ãƒ©ã‚¤ãƒ•ãƒãƒƒã‚«ãƒ¼ chatgpt ã‚¸ãƒ£ãƒ‘ãƒ³ buy ãƒã‚¬ãƒ†ã‚£ãƒ– ãƒ—ãƒ­ã‚»ã‚¹ amazon è¨˜äº‹ image images,globalnav footer amazonã‚»ãƒ¼ãƒ« ãƒ©ã‚¤ãƒ•ãƒãƒƒã‚«ãƒ¼ chatgpt
notes\MK\10_research\config_6-29135137.json.md,openai configs llm textgenerator,,openai config configs created llm status textgenerator,openai config configs created llm
notes\MK\10_research\deepresearchå‘ã‘æ¤œç´¢ã‚¯ã‚¨ãƒªä¾‹.md,notion obsidian limitations personal site,,notion obsidian limitations personal site sync aes created database deepresearch,notion obsidian limitations personal site
notes\MK\10_research\Emojify.md,emojis text true add breaks,,emojis text true add breaks choose context copilot-command-context-menu-enabled copilot-command-context-menu-order copilot-command-last-used,emojis text true add breaks
notes\MK\10_research\Explain like I am 5.md,simple true analogies basic break,,simple true analogies basic break explain complex concepts copilot-command-context-menu-enabled copilot-command-context-menu-order,simple true analogies basic break
notes\MK\10_research\FF14ç·åˆåˆ†æžã¨æˆ¦ç•¥è€ƒå¯Ÿ.md,ãƒ—ãƒ¬ã‚¤ãƒ¤ãƒ¼ ff14 ã‚¢ã‚¯ã‚»ã‚¹ ã‚²ãƒ¼ãƒ  ã‚³ãƒŸãƒ¥ãƒ‹ãƒ†ã‚£,,ãƒ—ãƒ¬ã‚¤ãƒ¤ãƒ¼ ff14 ã‚¢ã‚¯ã‚»ã‚¹ ã‚²ãƒ¼ãƒ  ã‚³ãƒŸãƒ¥ãƒ‹ãƒ†ã‚£ xiv wow ã‚³ãƒ³ãƒ†ãƒ³ãƒ„ fantasy final,ãƒ—ãƒ¬ã‚¤ãƒ¤ãƒ¼ ff14 ã‚¢ã‚¯ã‚»ã‚¹ ã‚²ãƒ¼ãƒ  ã‚³ãƒŸãƒ¥ãƒ‹ãƒ†ã‚£
notes\MK\10_research\Findings from a Pilot Anthropic - OpenAI Alignment Evaluation Exercise.md,cooperation-with-human-misuse sycophancy whistleblowing-and-leaks testbeds shade-arena,"cooperation-with-human-misuse sycophancy whistleblowing-and-leaks testbeds shade-arena appendix fn1"">1</a></sup fn2"">2</a></sup fn3"">3</a></sup fn4"">4</a></sup fn5"">5</a></sup !/usr/bin/env",models openai claude model redacted simulated behavior auditor use evaluations,cooperation-with-human-misuse sycophancy whistleblowing-and-leaks testbeds shade-arena
notes\MK\10_research\Findings from a pilot Anthropicâ€“OpenAI alignment evaluation exercise OpenAI Safety Tests.md,instruction-hierarchy)**:** jailbreaking)**:** hallucination)**:** scheming instruction-hierarchy,instruction-hierarchy)**:** jailbreaking)**:** hallucination)**:** scheming instruction-hierarchy jailbreaking hallucination examples-of-grader-errors jailbreak-evaluations,models openai model prompt opus reasoning sonnet system instructions evaluations,instruction-hierarchy)**:** jailbreaking)**:** hallucination)**:** scheming instruction-hierarchy
notes\MK\10_research\Fix grammar and spelling.md,true add breaks characters copilot-command-context-menu-enabled,,true add breaks characters copilot-command-context-menu-enabled fix grammar spelling copilot-command-context-menu-order copilot-command-last-used,true add breaks characters copilot-command-context-menu-enabled
notes\MK\10_research\Generate table of contents.md,false table appropriate copilot-command-context-menu-enabled copilot-command-context-menu-order,,table false appropriate copilot-command-context-menu-enabled copilot-command-context-menu-order generate copilot-command-last-used copilot-command-model-key copilot-command-slash-enabled created,table false appropriate copilot-command-context-menu-enabled copilot-command-context-menu-order
"notes\MK\10_research\GPT, Gemini, Claudeä½¿ã„åˆ†ã‘2025å¹´9æœˆåˆã‚ãƒãƒ¼ã‚¸ãƒ§ãƒ³ï½œerukiti.md",gemini claude ã‚¦ã‚§ãƒ– gpt-5 google,,gemini claude ã‚¦ã‚§ãƒ– gpt-5 google api gpt ã‚³ãƒ¼ãƒ‡ã‚£ãƒ³ã‚° ãƒ¢ãƒ‡ãƒ« chatgpt,gemini claude ã‚¦ã‚§ãƒ– gpt-5 google
notes\MK\10_research\kindle unlimited + Obsidianã€€ãŒèª­æ›¸ã«ãŠã„ã¦æœ€å¼·ãªè©±ï½œtomo@ãƒ“ã‚¸ãƒã‚¹ã‚¹ã‚­ãƒ«å‘ä¸Šã®ãŠæ‰‹ä¼ã„.md,kindle unlimited obsidian tomo ã‚¹ãƒˆãƒƒã‚¯,,kindle unlimited obsidian tomo ã‚¹ãƒˆãƒƒã‚¯ ãƒ“ã‚¸ãƒã‚¹ã‚¹ã‚­ãƒ« st-note author created description,kindle unlimited obsidian tomo ã‚¹ãƒˆãƒƒã‚¯
notes\MK\10_research\Make longer.md,true adding copilot-command-context-menu-enabled copilot-command-context-menu-order copilot-command-last-used,,true adding copilot-command-context-menu-enabled copilot-command-context-menu-order copilot-command-last-used copilot-command-model-key copilot-command-slash-enabled created details elaborating,true adding copilot-command-context-menu-enabled copilot-command-context-menu-order copilot-command-last-used
notes\MK\10_research\Make shorter.md,true copilot-command-context-menu-enabled copilot-command-context-menu-order copilot-command-last-used copilot-command-model-key,,true copilot-command-context-menu-enabled copilot-command-context-menu-order copilot-command-last-used copilot-command-model-key copilot-command-slash-enabled created details elements essential,true copilot-command-context-menu-enabled copilot-command-context-menu-order copilot-command-last-used copilot-command-model-key
notes\MK\10_research\MODæ–‡åŒ–ã¨MODãƒ„ãƒ¼ãƒ«ã®ä½¿ç”¨ã«ã¤ã„ã¦.md,ãƒ„ãƒ¼ãƒ« mod ã‚²ãƒ¼ãƒ  ã‚­ãƒ£ãƒ©ã‚¯ã‚¿ãƒ¼ ãƒ—ãƒ¬ã‚¤ãƒ¤ãƒ¼,,ãƒ„ãƒ¼ãƒ« mod ã‚²ãƒ¼ãƒ  ã‚­ãƒ£ãƒ©ã‚¯ã‚¿ãƒ¼ ãƒ—ãƒ¬ã‚¤ãƒ¤ãƒ¼ ã‚¢ã‚¤ãƒ†ãƒ  ffxiv gaia ã‚µãƒ¼ãƒ“ã‚¹ ã‚³ãƒ³ãƒ†ãƒ³ãƒ„,ãƒ„ãƒ¼ãƒ« mod ã‚²ãƒ¼ãƒ  ã‚­ãƒ£ãƒ©ã‚¯ã‚¿ãƒ¼ ãƒ—ãƒ¬ã‚¤ãƒ¤ãƒ¼
notes\MK\10_research\ObsidianÃ—Cursorã®æ´»ç”¨æ–¹æ³•ï¼šçŸ¥çš„ç”Ÿç”£ã®ã‚·ãƒŠã‚¸ãƒ¼ã‚’æœ€å¤§åŒ–ï½œShin.md,obsidian cursor ãƒ¡ãƒ¢ ãƒŽãƒ¼ãƒˆ web,,obsidian cursor ãƒ¡ãƒ¢ ãƒŽãƒ¼ãƒˆ web shin ã‚¢ã‚¦ãƒˆãƒ—ãƒƒãƒˆ ãƒãƒƒãƒˆãƒ¯ãƒ¼ã‚¯ ãƒ•ãƒ­ãƒ¼ zettelkasten,obsidian cursor ãƒ¡ãƒ¢ ãƒŽãƒ¼ãƒˆ web
notes\MK\10_research\Obsidianã‚’ãƒ¯ã‚¿ã‚·ã¯ã“ã†ä½¿ã£ã¦ãŠã‚Šã¾ã™ã€‚å®Ÿéš›ã®ä½¿ã„æ–¹ã¨åŒæœŸã«ã¤ã„ã¦ã®ãŠè©±ã€‚ï½œãŠã‹ã‹å®¹ç–‘è€….md,obsidian ãƒŽãƒ¼ãƒˆ ãƒ•ã‚©ãƒ«ãƒ€ ãƒ¯ã‚¿ã‚· ã‚¿ã‚°,,obsidian ãƒŽãƒ¼ãƒˆ ãƒ•ã‚©ãƒ«ãƒ€ ãƒ¯ã‚¿ã‚· ã‚¿ã‚° ãƒªãƒ³ã‚¯ ãƒ‡ãƒ¼ã‚¿ kindle dropbox ã‚¢ãƒŠã‚¿,obsidian ãƒŽãƒ¼ãƒˆ ãƒ•ã‚©ãƒ«ãƒ€ ãƒ¯ã‚¿ã‚· ã‚¿ã‚°
notes\MK\10_research\Rewrite as tweet thread.md,thread end false line start,,thread end false line start tweet characters clear convert copilot-command-context-menu-enabled,thread end false line start
notes\MK\10_research\Rewrite as tweet.md,false tweet characters concise copilot-command-context-menu-enabled,,tweet false characters concise copilot-command-context-menu-enabled rewrite copilot-command-context-menu-order copilot-command-last-used copilot-command-model-key copilot-command-slash-enabled,tweet false characters concise copilot-command-context-menu-enabled
notes\MK\10_research\RTA in Japan 2025å¹´å¤.md,font tbody ã‚·ãƒ³ã‚°ãƒ« ãƒ‘ã‚½ã‚³ãƒ³ ãƒ—ãƒ¬ã‚¤ã‚¹ãƒ†ãƒ¼ã‚·ãƒ§ãƒ³,,font tbody ã‚·ãƒ³ã‚°ãƒ« ãƒ‘ã‚½ã‚³ãƒ³ ãƒ—ãƒ¬ã‚¤ã‚¹ãƒ†ãƒ¼ã‚·ãƒ§ãƒ³ sfc rta ã‚¹ã‚¤ãƒƒãƒ colspan japan,font tbody ã‚·ãƒ³ã‚°ãƒ« ãƒ‘ã‚½ã‚³ãƒ³ ãƒ—ãƒ¬ã‚¤ã‚¹ãƒ†ãƒ¼ã‚·ãƒ§ãƒ³
notes\MK\10_research\Simplify.md,true ages clear common concepts,,true ages clear common concepts simplify copilot-command-context-menu-enabled copilot-command-context-menu-order copilot-command-last-used copilot-command-model-key,true ages clear common concepts
notes\MK\10_research\SNSã‚·ãƒ§ãƒ¼ãƒˆå‹•ç”»ãƒã‚ºã‚Šå¾¹åº•åˆ†æž.md,asmr,,asmr created sns status ã‚·ãƒ§ãƒ¼ãƒˆ ãƒã‚º,asmr created sns status ã‚·ãƒ§ãƒ¼ãƒˆ
notes\MK\10_research\Soraç”¨æ˜ åƒç”Ÿæˆãƒ—ãƒ­ãƒ³ãƒ—ãƒˆãƒ†ãƒ³ãƒ—ãƒ¬ãƒ¼ãƒˆï¼ˆè‹±èªžï¼‰.md,loop crystal fruit light blade,,loop crystal fruit light blade sora ãƒ—ãƒ­ãƒ³ãƒ—ãƒˆãƒ†ãƒ³ãƒ—ãƒ¬ãƒ¼ãƒˆ camera chime must,loop crystal fruit light blade
notes\MK\10_research\Summarize.md,bullet-point point summary true bullet,,bullet-point point summary true bullet capture copilot-command-context-menu-enabled copilot-command-context-menu-order copilot-command-last-used copilot-command-model-key,bullet-point point summary true bullet
notes\MK\10_research\TikTok ASMRå‹•ç”»ä¼ç”».md,éŸ³ãƒ•ã‚§ãƒ asmr satisfying aiart veo,éŸ³ãƒ•ã‚§ãƒ asmr satisfying aiart veo oddlysatisfying geode crystal asmrsounds ç™’ã— æ©Ÿæ¢°å¼æ™‚è¨ˆ watchmaking steampunk mechanical asmrmechanics ãƒ•ã‚¡ãƒ³ã‚¿ã‚¸ãƒ¼ fantasy alchemy storytellingasmr ãƒãƒ¼ã‚·ãƒ§ãƒ³ slime fractal visualasmr ã‚¹ãƒ©ã‚¤ãƒ  ãƒªãƒ©ãƒƒã‚¯ã‚¹ è·äººæŠ€ blacksmith lava forging é£¯ãƒ†ãƒ­ ã§ã¯ãªã„ bioluminescence nature relaxing ç¡çœ ç”¨bgm æ›¸é“ zen calligraphy meditation wabisabi æ€–ã„è©± horror haunted creepy ãƒ›ãƒ©ãƒ¼ ä¸æ°—å‘³ interactive ã©ã£ã¡ ã‚³ãƒ¡ãƒ³ãƒˆã§æ•™ãˆã¦ ç¦… zengarden minimalism æž¯å±±æ°´ çž‘æƒ³ viral geodecutting ç¡çœ ç”¨ interactiveasmr éŸ³ãƒ•ã‚§ãƒã—ã¦ã¿ãŸ,asmr ãƒ—ãƒ­ãƒ³ãƒ—ãƒˆ tiktok sound veo video ã‚³ãƒ³ã‚»ãƒ—ãƒˆ shot satisfying ãƒ•ã‚§ãƒ,éŸ³ãƒ•ã‚§ãƒ asmr satisfying aiart veo
notes\MK\10_research\Translate to Chinese.md,true appropriate chinese context copilot-command-context-menu-enabled,,chinese true appropriate context copilot-command-context-menu-enabled translate copilot-command-context-menu-order copilot-command-last-used copilot-command-model-key copilot-command-slash-enabled,chinese true appropriate context copilot-command-context-menu-enabled
notes\MK\10_research\Veoç”¨æ˜ åƒç”Ÿæˆãƒ—ãƒ­ãƒ³ãƒ—ãƒˆãƒ†ãƒ³ãƒ—ãƒ¬ãƒ¼ãƒˆï¼ˆè‹±èªžï¼‰.md,loop light crystal lighting surface,,loop light crystal lighting surface veo ãƒ—ãƒ­ãƒ³ãƒ—ãƒˆãƒ†ãƒ³ãƒ—ãƒ¬ãƒ¼ãƒˆ visual ãƒ—ãƒ¬ãƒ¼ãƒˆ ç”¨æ˜ åƒç”Ÿæˆãƒ—ãƒ­ãƒ³ãƒ—ãƒˆãƒ†ãƒ³,loop light crystal lighting surface
notes\MK\10_research\ã€Œé€²æ—ã©ã†ã§ã™ã‹ï¼Ÿã€ãŒæ€–ããªããªã‚‹æ€è€ƒæ³• - ã€Œä½œæ¥­ãƒ­ã‚°ã€ã‹ã‚‰ã€Œæœªæ¥ã®åœ°å›³ã€ã¸.md,ãƒãƒ¼ãƒ  ãƒ­ã‚° ãƒ—ãƒ­ã‚¸ã‚§ã‚¯ãƒˆ ã‚¹ãƒˆãƒ¬ã‚¹ ãƒ‘ã‚¿ãƒ¼ãƒ³,,ãƒãƒ¼ãƒ  ãƒ­ã‚° ãƒ—ãƒ­ã‚¸ã‚§ã‚¯ãƒˆ ã‚¹ãƒˆãƒ¬ã‚¹ ãƒ‘ã‚¿ãƒ¼ãƒ³ ãƒ•ãƒ¬ãƒ¼ãƒ ãƒ¯ãƒ¼ã‚¯ api ãƒ†ã‚¹ãƒˆ after before,ãƒãƒ¼ãƒ  ãƒ­ã‚° ãƒ—ãƒ­ã‚¸ã‚§ã‚¯ãƒˆ ã‚¹ãƒˆãƒ¬ã‚¹ ãƒ‘ã‚¿ãƒ¼ãƒ³
notes\MK\10_research\ã€2025å¹´æœ€æ–°ã€‘Obsidian Ã— AIã§ãƒ¡ãƒ¢ãŒå¤‰ã‚ã‚‹ï¼ç„¡æ–™ãƒ—ãƒ©ã‚°ã‚¤ãƒ³ã€ŒSmart Composerã€ã‚’å¾¹åº•è§£èª¬ã—ã¾ã™ï¼.md,notion composer smart ãƒ—ãƒ©ã‚°ã‚¤ãƒ³ obsidian,,notion composer smart ãƒ—ãƒ©ã‚°ã‚¤ãƒ³ obsidian gemini google instagram kurashi-notion twitter,notion composer smart ãƒ—ãƒ©ã‚°ã‚¤ãƒ³ obsidian
notes\MK\10_research\ã€ObsidianÃ—Cursorã€‘AIæ™‚ä»£ã®çŸ¥çš„ç”Ÿç”£è¡“ï¼ä½¿ã„æ–¹ã‚„æ´»ç”¨äº‹ä¾‹ã¾ã§å¾¹åº•è§£èª¬ï½œChatGPTç ”ç©¶æ‰€.md,obsidian cursor ãƒ•ã‚¡ã‚¤ãƒ« ãƒ•ã‚©ãƒ«ãƒ€ ãƒ„ãƒ¼ãƒ«,,obsidian cursor ãƒ•ã‚¡ã‚¤ãƒ« ãƒ•ã‚©ãƒ«ãƒ€ ãƒ„ãƒ¼ãƒ« ã‚³ãƒ¼ãƒ‰ vault ã‚³ãƒ³ãƒ†ãƒ³ãƒ„ ãƒªãƒ³ã‚¯ chatgpt,obsidian cursor ãƒ•ã‚¡ã‚¤ãƒ« ãƒ•ã‚©ãƒ«ãƒ€ ãƒ„ãƒ¼ãƒ«
notes\MK\10_research\ã€Suno.aiã§ç¨¼ãâ‘£ã€‘Spotifyé…ä¿¡ã‹ã‚‰3ãƒ¶æœˆã€ã¤ã„ã«ã€‡ä¸‡å††ç¨¼ã’ã¾ã—ãŸã€‚ï½œAI FREAK - æœ€æ–°ã®AIãƒ„ãƒ¼ãƒ«ã‚’ã”ç´¹ä»‹ 1.md,iframe spotify height suno distrokid,,iframe spotify height suno distrokid lazy loading src style width,iframe spotify height suno distrokid
notes\MK\10_research\ã€å¿…è¦‹ã€‘æ”¹è‰¯ç‰ˆã¾ã˜ã‚“å¼ãƒ—ãƒ­ãƒ³ãƒ—ãƒˆï¼ï½œã¾ã˜ã‚“.md,,ff0000ã€(èµ¤)ã‚’æŒ‡å®šã—ã¦,ã‚¹ãƒ©ã‚¤ãƒ‰ ãƒ—ãƒ­ãƒ³ãƒ—ãƒˆ ã‚«ã‚¹ã‚¿ãƒ  gemini google ãƒ‘ã‚¿ãƒ¼ãƒ³ ã‚¨ãƒ©ãƒ¼ ã‚¹ãƒ©ã‚¤ãƒ‰ãƒ‘ã‚¿ãƒ¼ãƒ³ ãƒ•ã‚¡ã‚¤ãƒ« pro,ff0000ã€(èµ¤)ã‚’æŒ‡å®šã—ã¦ ã‚¹ãƒ©ã‚¤ãƒ‰ ãƒ—ãƒ­ãƒ³ãƒ—ãƒˆ ã‚«ã‚¹ã‚¿ãƒ  gemini
notes\MK\10_research\ã‚‚ã†æ‰‹æ”¾ã›ãªã„ï¼Gemini ã® NotebookLMã€Deep Researchã€Canvas ã§æ€è€ƒã‚’åŠ é€Ÿï¼ˆGoogle Cloud Next Tokyo '25ã‚»ãƒƒã‚·ãƒ§ãƒ³ãƒ¬ãƒãƒ¼ãƒˆï¼‰.md,%e3%82%bb%e3%83%83%e3%82%b7%e3%83%a7%e3%83%b3%e3%81%ae%e6%a6%82%e8%a6%81 %e6%80%9d%e8%80%83%e3%82%92%e5%a4%89%e9%9d%a9%e3%81%99%e3%82%8b%e6%96%b0%e3%81%97%e3%81%84%e6%83%85%e5%a0%b1%e6%b4%bb%e7%94%a8%e3%83%af%e3%83%bc%e3%82%af%e3%83%95%e3%83%ad%e3%83%bc %e6%a6%82%e8%a6%81 deep-research notebooklm,%e3%82%bb%e3%83%83%e3%82%b7%e3%83%a7%e3%83%b3%e3%81%ae%e6%a6%82%e8%a6%81 %e6%80%9d%e8%80%83%e3%82%92%e5%a4%89%e9%9d%a9%e3%81%99%e3%82%8b%e6%96%b0%e3%81%97%e3%81%84%e6%83%85%e5%a0%b1%e6%b4%bb%e7%94%a8%e3%83%af%e3%83%bc%e3%82%af%e3%83%95%e3%83%ad%e3%83%bc %e6%a6%82%e8%a6%81 deep-research notebooklm canvas abematv-%e3%81%ae%e3%83%a6%e3%83%bc%e3%82%b9%e3%82%b1%e3%83%bc%e3%82%b9%e3%81%94%e7%b4%b9%e4%bb%8b %e6%a6%82%e8%a6%81-1 %e6%96%87%e7%ab%a0%e4%bd%9c%e6%88%90 %e8%aa%bf%e6%9f%bb%e6%a5%ad%e5%8b%99 %e7%a4%be%e5%86%85%e3%83%87%e3%83%bc%e3%82%bf%e6%b4%bb%e7%94%a8 %e9%96%a2%e9%80%a3%e8%a8%98%e4%ba%8b,notebooklm deep google research canvas cloud next tokyo abematv ãƒ‡ãƒ¼ã‚¿,%e3%82%bb%e3%83%83%e3%82%b7%e3%83%a7%e3%83%b3%e3%81%ae%e6%a6%82%e8%a6%81 %e6%80%9d%e8%80%83%e3%82%92%e5%a4%89%e9%9d%a9%e3%81%99%e3%82%8b%e6%96%b0%e3%81%97%e3%81%84%e6%83%85%e5%a0%b1%e6%b4%bb%e7%94%a8%e3%83%af%e3%83%bc%e3%82%af%e3%83%95%e3%83%ad%e3%83%bc %e6%a6%82%e8%a6%81 deep-research notebooklm
notes\MK\10_research\ãƒ©ãƒ³ãƒ‰ãƒ¼ã‚º æ± è¢‹æ±å£é§…å‰åº— ï¼ˆLANDooZï¼‰ã®ã”äºˆç´„ - æ± è¢‹å±…é…’å±‹  é£Ÿã¹ãƒ­ã‚°.md,seat_type_868319 seat_type_868320 seat_type_868323 average-rating-val ã‚³ãƒ¼ã‚¹,seat_type_868319 seat_type_868320 seat_type_868323 average-rating-val,ã‚³ãƒ¼ã‚¹ newopen ã‚¯ãƒ©ãƒ•ãƒˆãƒ“ãƒ¼ãƒ« ãƒ‡ã‚¶ãƒ¼ãƒˆãƒ—ãƒ¬ãƒ¼ãƒˆ ãƒœãƒªãƒ¥ãƒ¼ãƒ  ãƒ©ãƒ³ãƒ‰ãƒ¼ã‚ºã‚³ãƒ¼ã‚¹ ã‚ªã‚¹ã‚¹ãƒ¡ ã‚«ã‚¦ãƒ³ã‚¿ãƒ¼ ãƒ“ãƒ« ãƒ—ãƒ¬ãƒŸã‚¢ãƒ ,seat_type_868319 seat_type_868320 seat_type_868323 average-rating-val ã‚³ãƒ¼ã‚¹
notes\MK\10_research\å€‹äººé–‹ç™ºã§æœˆ20ä¸‡å††ã‚’ç›®æŒ‡ã™ãŸã‚ã®è€ƒãˆæ–¹.md,comments ã‚¢ãƒ—ãƒª ãƒ¦ãƒ¼ã‚¶ãƒ¼ ãƒ¬ãƒ“ãƒ¥ãƒ¼ ãƒªãƒªãƒ¼ã‚¹,comments,ã‚¢ãƒ—ãƒª ãƒ¦ãƒ¼ã‚¶ãƒ¼ ãƒ¬ãƒ“ãƒ¥ãƒ¼ ãƒªãƒªãƒ¼ã‚¹ ãƒ‡ã‚¶ã‚¤ãƒ³ ã‚¹ãƒ”ãƒ¼ãƒ‰ ãƒ—ãƒ¬ãƒŸã‚¢ãƒ ãƒ—ãƒ©ãƒ³ app store ãƒˆãƒ¬,comments ã‚¢ãƒ—ãƒª ãƒ¦ãƒ¼ã‚¶ãƒ¼ ãƒ¬ãƒ“ãƒ¥ãƒ¼ ãƒªãƒªãƒ¼ã‚¹
notes\MK\10_research\å†…è¦³å†™çœŸ   æ˜”ã°ãªã— åˆ¥é¤¨ ï¼ˆãƒ ã‚«ã‚·ãƒãƒŠã‚·ï¼‰ - æ± è¢‹å±…é…’å±‹  é£Ÿã¹ãƒ­ã‚°.md,average-rating-val ã‚¯ãƒ¼ãƒãƒ³ ãƒ¡ãƒ‹ãƒ¥ãƒ¼ ã‚¢ãƒ—ãƒª é–¢é€£æƒ…å ±,average-rating-val,ã‚¯ãƒ¼ãƒãƒ³ ãƒ¡ãƒ‹ãƒ¥ãƒ¼ ã‚¢ãƒ—ãƒª é–¢é€£æƒ…å ± ã‚«ã‚¦ãƒ³ã‚¿ãƒ¼ acrossring naver onelink tabelog amex,average-rating-val ã‚¯ãƒ¼ãƒãƒ³ ãƒ¡ãƒ‹ãƒ¥ãƒ¼ ã‚¢ãƒ—ãƒª é–¢é€£æƒ…å ±
notes\MK\10_research\åœ°å›³  ç«‹å–°ã„å¯¿å¸ ã‚ãã‚‰ - æ–°æ©‹ç«‹ã¡é£Ÿã„å¯¿å¸  é£Ÿã¹ãƒ­ã‚°.md,ã‚¢ãƒ—ãƒª gstatic naver onelink tabelog,,ã‚¢ãƒ—ãƒª gstatic naver onelink tabelog author b1f bldg created description,ã‚¢ãƒ—ãƒª gstatic naver onelink tabelog
notes\MK\10_research\æŽ¡ç‚¹ãƒ«ãƒ¼ãƒ–ãƒªãƒƒã‚¯ï¼ˆJSONï¼š0â€“5ç‚¹ã€é‡ã¿ä»˜ãåˆè¨ˆã§æŽ¨å¥¨ã‚’æ±ºå®šï¼‰.md,null score ecosystem fit longevity,,null score ecosystem fit longevity offline performance portability pricing privacy,null score ecosystem fit longevity
notes\MK\10_research\æ—¥æœ¬å›½å†…SNSãƒˆãƒ¬ãƒ³ãƒ‰åˆ†æžãƒ¬ãƒãƒ¼ãƒˆ.md,ãƒŠãƒ«ãƒˆãƒ€ãƒ³ã‚¹|ä¸­å›½ç™ºã®ãƒ€ãƒ³ã‚¹ãƒãƒ£ãƒ¬ãƒ³ã‚¸ã€‚å½“åˆã®éŸ³æºã‹ã‚‰mrs å‘Šç™½ãƒãƒ£ãƒ¬ãƒ³ã‚¸|illitã®æ—¥æœ¬ãƒ‡ãƒ“ãƒ¥ãƒ¼æ›²ã€Œalmond è–¬å±‹ã®ã²ã¨ã‚Šã”ã¨ã€ã‚’ä»˜ã‘ãŸå‹•ç”»ã®ç·å†ç”Ÿå›žæ•°ã¯16å„„å›žã‚’è¶…ãˆã€49 000æœ¬ä»¥ä¸Šã®å‹•ç”»ãŒæŠ•ç¨¿ã•ã‚Œã¦ã„ã¾ã™ ãƒŠãƒ«ãƒˆãƒ€ãƒ³ã‚¹ ãƒŠãƒ«ãƒˆãƒ€ãƒ³ã‚¹ã¯ã€ãƒˆãƒ¬ãƒ³ãƒ‰ãŒé™çš„ãªã‚‚ã®ã§ã¯ãªãã€å¸¸ã«é€²åŒ–ã—ç¶šã‘ã‚‹ã“ã¨ã‚’ç¤ºã™å¥½ä¾‹ã§ã™,"ãƒŠãƒ«ãƒˆãƒ€ãƒ³ã‚¹|ä¸­å›½ç™ºã®ãƒ€ãƒ³ã‚¹ãƒãƒ£ãƒ¬ãƒ³ã‚¸ã€‚å½“åˆã®éŸ³æºã‹ã‚‰mrs å‘Šç™½ãƒãƒ£ãƒ¬ãƒ³ã‚¸|illitã®æ—¥æœ¬ãƒ‡ãƒ“ãƒ¥ãƒ¼æ›²ã€Œalmond è–¬å±‹ã®ã²ã¨ã‚Šã”ã¨ã€ã‚’ä»˜ã‘ãŸå‹•ç”»ã®ç·å†ç”Ÿå›žæ•°ã¯16å„„å›žã‚’è¶…ãˆã€49,000æœ¬ä»¥ä¸Šã®å‹•ç”»ãŒæŠ•ç¨¿ã•ã‚Œã¦ã„ã¾ã™ ãƒŠãƒ«ãƒˆãƒ€ãƒ³ã‚¹ ãƒŠãƒ«ãƒˆãƒ€ãƒ³ã‚¹ã¯ã€ãƒˆãƒ¬ãƒ³ãƒ‰ãŒé™çš„ãªã‚‚ã®ã§ã¯ãªãã€å¸¸ã«é€²åŒ–ã—ç¶šã‘ã‚‹ã“ã¨ã‚’ç¤ºã™å¥½ä¾‹ã§ã™ çˆ¶ã®æ—¥|6æœˆã®ä¸»è¦ãªå­£ç¯€ã‚¤ãƒ™ãƒ³ãƒˆã€‚æ„Ÿè¬ã®ãƒ¡ãƒƒã‚»ãƒ¼ã‚¸ã«åŠ ãˆã€ãƒ¦ãƒ‹ã‚¯ãƒ­ãŒå›½æ°‘çš„ã‚¢ãƒ‹ãƒ¡ã®çˆ¶è¦ªã‚­ãƒ£ãƒ©ã‚’èµ·ç”¨ã™ã‚‹ãªã©ã€ä¼æ¥­ã®å¤§åž‹ã‚­ãƒ£ãƒ³ãƒšãƒ¼ãƒ³ãŒæ´»ç™ºåŒ–ã—ãŸ æ¢…é›¨|å¤©æ°—ã€ãƒ•ã‚¡ãƒƒã‚·ãƒ§ãƒ³ æ¢…é›¨ã‚³ãƒ¼ãƒ‡)ã€é£Ÿäº‹ã€å¥åº·(å¤©æ°—ç—›å¯¾ç­–)ãªã©ã€å¤šå²ã«ã‚ãŸã‚‹ãƒˆãƒ”ãƒƒã‚¯ã§èªžã‚‰ã‚Œã‚‹å­£ç¯€ã®ã‚­ãƒ¼ãƒ¯ãƒ¼ãƒ‰ã€‚ä¼æ¥­ã‚¢ã‚«ã‚¦ãƒ³ãƒˆã‚‚ç©æ¥µçš„ã«æ´»ç”¨ ãƒ„ã‚¤ãƒžãƒ³ã‚¬|xã®ãƒ•ã‚©ãƒ¼ãƒžãƒƒãƒˆã«æœ€é©åŒ–ã•ã‚ŒãŸçŸ­ç·¨ãƒ»é€£è¼‰æ¼«ç”»ã€‚æ‹æ„›ã€æ—¥å¸¸ã‚³ãƒ¡ãƒ‡ã‚£ã€ç¤¾ä¼šé¢¨åˆºãªã©å¤šæ§˜ãªã‚¸ãƒ£ãƒ³ãƒ«ãŒå­˜åœ¨ã—ã€æ ¹å¼·ã„äººæ°—ã‚’èª‡ã‚‹ æ‹äººã®æ—¥|6æœˆ12æ—¥ã®è¨˜å¿µæ—¥ã€‚çˆ¶ã®æ—¥ã‚„æ¢…é›¨ã«æ¯”ã¹çŸ¥ååº¦ã¯ä½Žã„ãŒã€ãƒžã‚¯ãƒ‰ãƒŠãƒ«ãƒ‰ãªã©ãŒãƒ¦ãƒ¼ãƒ¢ã‚¢ã‚’äº¤ãˆãŸæŠ•ç¨¿ã‚’è¡Œã„ã€ä¼æ¥­ã®æ´»ç”¨äº‹ä¾‹ãŒè¦‹ã‚‰ã‚ŒãŸ çˆ¶ã®æ—¥ æ¢…é›¨ çˆ¶ã®æ—¥ã‚­ãƒ£ãƒ³ãƒšãƒ¼ãƒ³ã¯ã€å¹…åºƒã„ä¸–ä»£ã®å…±æ„Ÿã‚’å‘¼ã³ã¾ã—ãŸ æ¢…é›¨ã¨ã„ã†ã‚­ãƒ¼ãƒ¯ãƒ¼ãƒ‰ã¯ã€ãƒ•ã‚¡ãƒƒã‚·ãƒ§ãƒ³ æ¢…é›¨ã‚³ãƒ¼ãƒ‡)ã€é£Ÿå“(æ¢…é›¨ã‚’ä¹—ã‚Šåˆ‡ã‚‹ãƒ¬ã‚·ãƒ”)ã€å¥åº·(æ°—åœ§ã®å¤‰åŒ–ã«ã‚ˆã‚‹ä½“èª¿ä¸è‰¯å¯¾ç­–)ãªã©ã€å¤šæ§˜ãªåˆ‡ã‚Šå£ã§æ´»ç”¨ã•ã‚Œã€å¤šãã®ä¼æ¥­ãŒè‡ªç¤¾ã®å•†å“ã‚„ã‚µãƒ¼ãƒ“ã‚¹ã¨é–¢é€£ä»˜ã‘ãŸæƒ…å ±ç™ºä¿¡ã‚’è¡Œã£ã¦ã„ã¾ã™ ãƒ„ã‚¤ãƒžãƒ³ã‚¬ ãƒ„ã‚¤ãƒžãƒ³ã‚¬ã‚„ çˆ¶ã®æ—¥ã¨ã„ã£ãŸã‚­ãƒ¼ãƒ¯ãƒ¼ãƒ‰ãŒç¤ºã™ã‚ˆã†ã«ã€ãƒãƒƒã‚·ãƒ¥ã‚¿ã‚°ã¯ä¾ç„¶ã¨ã—ã¦ç‰¹å®šã®ãƒˆãƒ”ãƒƒã‚¯ã‚„ã‚³ãƒŸãƒ¥ãƒ‹ãƒ†ã‚£ã‚’ç¹‹ããŸã‚ã®é‡è¦ãªã€Œç›®å°ã€ã¨ã—ã¦æ©Ÿèƒ½ã—ã¦ã„ã¾ã™ viralã®ã‚ˆã†ãªæ±Žç”¨çš„ãªã‚¿ã‚°ã§ã¯ãªãã€ valorantã‚„ åƒ•ãƒ¤ãƒã®ã‚ˆã†ã«ã€ç‰¹å®šã®ã‚³ãƒŸãƒ¥ãƒ‹ãƒ†ã‚£ã«éŸ¿ãã‚¿ã‚°ã‚’æˆ¦ç•¥çš„ã«ä½¿ç”¨ã™ã‚‹ã“ã¨ã§ã€ãã®ã‚³ãƒŸãƒ¥ãƒ‹ãƒ†ã‚£å†…ã§ã®ç™ºè¦‹ã¨ä¼šè©±ã‚’ä¿ƒé€²ã™ã¹ãã§ã™ ã‚«ãƒ•ã‚§å·¡ã‚Š|æ—¥æœ¬ã®instagramã«ãŠã‘ã‚‹é‰„æ¿ãƒ©ã‚¤ãƒ•ã‚¹ã‚¿ã‚¤ãƒ«ã‚³ãƒ³ãƒ†ãƒ³ãƒ„ã€‚ æ±äº¬ã‚«ãƒ•ã‚§ ãŠã—ã‚ƒã‚Œã‚«ãƒ•ã‚§ æ¢…é›¨ã‚³ãƒ¼ãƒ‡|å­£ç¯€æ„Ÿã®ã‚ã‚‹ãƒ•ã‚¡ãƒƒã‚·ãƒ§ãƒ³æŠ•ç¨¿ã€‚ãƒ¬ã‚¤ãƒ³ãƒ–ãƒ¼ãƒ„ã‚„æ’¥æ°´æ€§ã®ã‚ã‚‹ã‚¢ã‚¦ã‚¿ãƒ¼ãªã©ã€æ©Ÿèƒ½æ€§ã¨ãƒ‡ã‚¶ã‚¤ãƒ³æ€§ã‚’ä¸¡ç«‹ã•ã›ãŸã‚³ãƒ¼ãƒ‡ã‚£ãƒãƒ¼ãƒˆãŒä¸­å¿ƒã€‚é›¨ã®æ—¥ã®æ†‚é¬±ã•ã‚’æ‰•æ‹­ã™ã‚‹ã‚ˆã†ãªæ˜Žã‚‹ã„æŠ•ç¨¿ãŒå¥½ã¾ã‚Œã‚‹ ã‚«ãƒ•ã‚§å·¡ã‚Š ã‚«ãƒ•ã‚§å·¡ã‚Šã¯ã€å˜ãªã‚‹ãƒãƒƒã‚·ãƒ¥ã‚¿ã‚°ã§ã¯ãªãã€instagramä¸Šã«ç¢ºç«‹ã•ã‚ŒãŸä¸€ã¤ã®æ–‡åŒ–ã§ã™ ã‚«ãƒ•ã‚§ã‚’ç­†é ­ã«ã€ æ±äº¬ã‚«ãƒ•ã‚§(415ä¸‡ä»¶)ã€ ãŠã—ã‚ƒã‚Œã‚«ãƒ•ã‚§(207ä¸‡ä»¶)ãªã©ã€ç„¡æ•°ã®é–¢é€£ã‚¿ã‚°ãŒå­˜åœ¨ã—ã€ãƒ¦ãƒ¼ã‚¶ãƒ¼ã¯ã“ã‚Œã‚‰ã®ã‚¿ã‚°ã‚’è¾¿ã£ã¦æ¬¡ã«è¡Œãã¹ãã‚«ãƒ•ã‚§ã‚’æŽ¢ã—ã¦ã„ã¾ã™ æ¢…é›¨ã‚³ãƒ¼ãƒ‡ æ¢…é›¨ã‚³ãƒ¼ãƒ‡ã®æŠ•ç¨¿ã§ã¯ã€ãƒ¬ã‚¤ãƒ³ãƒ–ãƒ¼ãƒ„ã‚„å‚˜ã¨ã„ã£ãŸã‚¢ã‚¤ãƒ†ãƒ ã ã‘ã§ãªãã€é›¨ã®æ—¥ã®æ¹¿ã£ãŸç©ºæ°—æ„Ÿã‚„ã€å°‘ã—ç‰©æ†‚ã’ãªé›°å›²æ°—ã¨ã„ã£ãŸã€Œãƒ ãƒ¼ãƒ‰ã€å…¨ä½“ã‚’å†™çœŸã‚„å‹•ç”»ã§è¡¨ç¾ã™ã‚‹ã“ã¨ãŒæ±‚ã‚ã‚‰ã‚Œã¾ã™ ç´«é™½èŠ±ã€ã¨ã„ã£ãŸãƒ•ãƒƒã‚¯ã¨ãªã‚‹æ–‡ç« ã‚’æ·»ãˆã¾ã™ çˆ¶ã®æ—¥ã‚„ æ‹äººã®æ—¥ã¨ã„ã£ãŸå…ˆã®å­£ç¯€ã‚¤ãƒ™ãƒ³ãƒˆã«å¯¾ã—ã¦ã€ã©ã®ã‚ˆã†ãªã‚­ãƒ£ãƒ³ãƒšãƒ¼ãƒ³ã‚’ä»•æŽ›ã‘ã¦ã„ã‚‹ã‹ã‚’è¦³å¯Ÿã—ã€ã‚¢ã‚¤ãƒ‡ã‚¢ã®ãƒ’ãƒ³ãƒˆã‚’å¾—ã¾ã™ æ¢…é›¨ã‚³ãƒ¼ãƒ‡ãŒææ¡ˆã™ã‚‹å®Ÿç”¨æ€§ã§ã‚ã‚Œã€è¦–è´è€…ã«ã¨ã£ã¦ã€Œé¢ç™½ã„ã€ã€Œå½¹ã«ç«‹ã¤ã€ã€Œæ„Ÿå‹•ã™ã‚‹ã€ã¨ã„ã£ãŸå…·ä½“çš„ãªä¾¡å€¤ã‚’æä¾›ã™ã‚‹ã‚³ãƒ³ãƒ†ãƒ³ãƒ„ã¯ã€ã‚¢ãƒ«ã‚´ãƒªã‚ºãƒ ã®å¤‰å‹•ã‚’è¶…ãˆã¦æ”¯æŒã•ã‚Œç¶šã‘ã¾ã™",ãƒˆãƒ¬ãƒ³ãƒ‰ ã‚³ãƒ³ãƒ†ãƒ³ãƒ„ tiktok ãƒ—ãƒ©ãƒƒãƒˆãƒ•ã‚©ãƒ¼ãƒ  instagram ãƒªãƒ¼ãƒ« ã‚¯ãƒªã‚¨ã‚¤ã‚¿ãƒ¼ ãƒãƒƒã‚·ãƒ¥ã‚¿ã‚° ã‚«ãƒ•ã‚§ ãƒ¦ãƒ¼ã‚¶ãƒ¼,"ãƒŠãƒ«ãƒˆãƒ€ãƒ³ã‚¹|ä¸­å›½ç™ºã®ãƒ€ãƒ³ã‚¹ãƒãƒ£ãƒ¬ãƒ³ã‚¸ã€‚å½“åˆã®éŸ³æºã‹ã‚‰mrs å‘Šç™½ãƒãƒ£ãƒ¬ãƒ³ã‚¸|illitã®æ—¥æœ¬ãƒ‡ãƒ“ãƒ¥ãƒ¼æ›²ã€Œalmond è–¬å±‹ã®ã²ã¨ã‚Šã”ã¨ã€ã‚’ä»˜ã‘ãŸå‹•ç”»ã®ç·å†ç”Ÿå›žæ•°ã¯16å„„å›žã‚’è¶…ãˆã€49,000æœ¬ä»¥ä¸Šã®å‹•ç”»ãŒæŠ•ç¨¿ã•ã‚Œã¦ã„ã¾ã™ ãƒŠãƒ«ãƒˆãƒ€ãƒ³ã‚¹ ãƒŠãƒ«ãƒˆãƒ€ãƒ³ã‚¹ã¯ã€ãƒˆãƒ¬ãƒ³ãƒ‰ãŒé™çš„ãªã‚‚ã®ã§ã¯ãªãã€å¸¸ã«é€²åŒ–ã—ç¶šã‘ã‚‹ã“ã¨ã‚’ç¤ºã™å¥½ä¾‹ã§ã™"
notes\MK\10_research\æœ€çŸ­ç‰ˆãƒ—ãƒ­ãƒ³ãƒ—ãƒˆï¼ˆåŸ‹ã‚æ¸ˆã¿ãƒ»ã‚³ãƒ”ãƒšç”¨ï¼‰.md,ã‚¨ã‚¯ã‚¹ãƒãƒ¼ãƒˆ iphone windows ã‚ªãƒ•ãƒ©ã‚¤ãƒ³ ãƒ—ãƒ©ã‚¤ãƒã‚·ãƒ¼,,ã‚¨ã‚¯ã‚¹ãƒãƒ¼ãƒˆ iphone windows ã‚ªãƒ•ãƒ©ã‚¤ãƒ³ ãƒ—ãƒ©ã‚¤ãƒã‚·ãƒ¼ ãƒ­ãƒƒã‚¯ã‚¤ãƒ³ e2ee markdown notion obsidian,ã‚¨ã‚¯ã‚¹ãƒãƒ¼ãƒˆ iphone windows ã‚ªãƒ•ãƒ©ã‚¤ãƒ³ ãƒ—ãƒ©ã‚¤ãƒã‚·ãƒ¼
notes\MK\10_research\ç„¼é¶ å‰å·ã®ã”äºˆç´„ - ä»£ã€…æœ¨ç„¼ãé³¥  é£Ÿã¹ãƒ­ã‚°.md,seat_type_836088 seat_type_836089 seat_type_836090 seat_type_836093 average-rating-val,seat_type_836088 seat_type_836089 seat_type_836090 seat_type_836093 average-rating-val,ã‚«ã‚¦ãƒ³ã‚¿ãƒ¼ tabelog seat type ã‚­ãƒ¼ãƒ¯ãƒ¼ãƒ‰ ã‚³ã‚¹ãƒˆ ãƒ†ãƒ¼ãƒ–ãƒ« ãƒ‡ãƒ¼ãƒˆ dinner ã‚ã£ãŸã‹ã„å±…é…’å±‹ã•ã‚“,seat_type_836088 seat_type_836089 seat_type_836090 seat_type_836093 average-rating-val
notes\MK\10_research\ç§‘å­¦çš„ã«ã‚ã‹ã£ã¦ããŸã€é‹ãŒã„ã„äººã®æ­£ä½“.md,calling goethe psychol career duffy,,calling goethe psychol career duffy lounge vol work ã‚¨ãƒãƒ«ã‚®ãƒ¼ ã‚²ãƒ¼ãƒ†ãƒ©ã‚¦ãƒ³ã‚¸,calling goethe psychol career duffy
notes\MK\10_research\è§’ç”°è£•æ¯… F1ã‚ªãƒ©ãƒ³ãƒ€GPå±•æœ›ã€Œç²¾ç¥žçš„ã«ã‚‚è‚‰ä½“çš„ã«ã‚‚å¼·ããªã‚ŒãŸã€.md,f1-gate ã‚ªãƒ©ãƒ³ãƒ€ ã‚°ãƒ©ãƒ³ãƒ—ãƒª ãƒãƒ¼ãƒ  ãƒ‰ãƒ©ã‚¤ãƒãƒ¼,,f1-gate ã‚ªãƒ©ãƒ³ãƒ€ ã‚°ãƒ©ãƒ³ãƒ—ãƒª ãƒãƒ¼ãƒ  ãƒ‰ãƒ©ã‚¤ãƒãƒ¼ ãƒ›ãƒ¼ãƒ  author created description published,f1-gate ã‚ªãƒ©ãƒ³ãƒ€ ã‚°ãƒ©ãƒ³ãƒ—ãƒª ãƒãƒ¼ãƒ  ãƒ‰ãƒ©ã‚¤ãƒãƒ¼
notes\MK\10_research\è§£åƒåº¦ã‚’ä¸Šã’ã‚‹ ðŸ”¬.md,pmconf2020 ã‚·ãƒ¼ãƒ‰ foundx ã‚³ãƒ¼ã‚¶ãƒªãƒ†ã‚£ ã‚¹ã‚¿ãƒ¼ãƒˆã‚¢ãƒƒãƒ—,pmconf2020,ã‚·ãƒ¼ãƒ‰ foundx ã‚³ãƒ¼ã‚¶ãƒªãƒ†ã‚£ ã‚¹ã‚¿ãƒ¼ãƒˆã‚¢ãƒƒãƒ— ãƒˆã‚¥ãƒžãƒ€ ãƒ“ã‚¸ãƒã‚¹ analysis causal ã‚¢ãƒ—ãƒ­ãƒ¼ ã‚¹ãƒ©ã‚¤ãƒ‰,pmconf2020 ã‚·ãƒ¼ãƒ‰ foundx ã‚³ãƒ¼ã‚¶ãƒªãƒ†ã‚£ ã‚¹ã‚¿ãƒ¼ãƒˆã‚¢ãƒƒãƒ—
notes\MK\10_research\è©³ç´°ãƒªã‚µãƒ¼ãƒãƒ»ãƒ–ãƒªãƒ¼ãƒ•ï¼ˆYAMLï¼šåŸ‹ã‚æ¸ˆã¿ãƒ»ç·¨é›†å¯ï¼‰.md,name weight ã‚ªãƒ•ãƒ©ã‚¤ãƒ³ jpy ã‚¨ã‚¯ã‚¹ãƒãƒ¼ãƒˆ,,name weight ã‚ªãƒ•ãƒ©ã‚¤ãƒ³ jpy ã‚¨ã‚¯ã‚¹ãƒãƒ¼ãƒˆ ã‚¨ã‚³ã‚·ã‚¹ãƒ†ãƒ  ãƒ—ãƒ©ã‚¤ãƒã‚·ãƒ¼ ãƒ¡ãƒ¢ ãƒ­ãƒƒã‚¯ã‚¤ãƒ³ have,name weight ã‚ªãƒ•ãƒ©ã‚¤ãƒ³ jpy ã‚¨ã‚¯ã‚¹ãƒãƒ¼ãƒˆ
notes\MK\10_research\èª¿æŸ»ãƒã‚§ãƒƒã‚¯ãƒªã‚¹ãƒˆ.md,notion obsidian ãƒã‚§ãƒƒã‚¯ãƒªã‚¹ãƒˆ å€‹äººå‘ã‘ å›ºæœ‰ã®ç¢ºèªè¦³ç‚¹,,notion obsidian ãƒã‚§ãƒƒã‚¯ãƒªã‚¹ãƒˆ å€‹äººå‘ã‘ å›ºæœ‰ã®ç¢ºèªè¦³ç‚¹ èª¿æŸ»ãƒã‚§ãƒƒã‚¯ãƒªã‚¹ãƒˆ markdown web ã‚¨ã‚¯ã‚¹ãƒãƒ¼ãƒˆ ã‚ªãƒ•ãƒ©ã‚¤ãƒ³,notion obsidian ãƒã‚§ãƒƒã‚¯ãƒªã‚¹ãƒˆ å€‹äººå‘ã‘ å›ºæœ‰ã®ç¢ºèªè¦³ç‚¹
notes\MK\20_notes\90kgâ†’70kg_æ¸›é‡è¨ˆç”».md,ãƒ•ã‚§ãƒ¼ã‚º week ãƒˆãƒ¬ ãƒ—ãƒ©ãƒ³ kcal,,ãƒ•ã‚§ãƒ¼ã‚º week ãƒˆãƒ¬ ãƒ—ãƒ©ãƒ³ kcal ã‚¦ã‚©ãƒ¼ã‚­ãƒ³ã‚° ã‚µãƒãƒ¼ãƒˆ ãƒ¢ãƒ‡ãƒ« ãƒ¢ãƒ‡ãƒ«ã®ãƒªãƒ•ãƒ¬ã‚¯ã‚·ãƒ§ãƒ³ ãƒªãƒ•ãƒ¬ã‚¯ã‚·ãƒ§ãƒ³,ãƒ•ã‚§ãƒ¼ã‚º week ãƒˆãƒ¬ ãƒ—ãƒ©ãƒ³ kcal
notes\MK\20_notes\ASMRæ”¹è‰¯ç‰ˆãƒ—ãƒ­ãƒ³ãƒ—ãƒˆ.md,glass-like close-up loop asmr blade,,glass-like asmr close-up loop blade ãƒ—ãƒ­ãƒ³ãƒ—ãƒˆ through crack extreme glass,glass-like asmr close-up loop blade
notes\MK\20_notes\ASMRæ”¹è‰¯ç‰ˆãƒ—ãƒ­ãƒ³ãƒ—ãƒˆç”¨ãƒãƒƒã‚·ãƒ¥ã‚¿ã‚°.md,asmr glassfruit satisfying oddlysatisfying relaxingsounds,"asmr glassfruit satisfying oddlysatisfying relaxingsounds éŸ³ãƒ•ã‚§ãƒ ã‚¬ãƒ©ã‚¹ã®æžœç‰© ç™’ã—å‹•ç”»| tiktokasmr glassart slicing ã‚ªãƒ¬ãƒ³ã‚¸asmr ç ´å£ŠéŸ³ å¿ƒåœ°ã‚ˆã„| glasscutting satisfyingvideo fruitart ã‚¬ãƒ©ã‚¹ç´°å·¥ ãƒ–ãƒ‰ã‚¦ asmrå¥½ãã¨ç¹‹ãŒã‚ŠãŸã„| loopit""**| glassslice soothingvisuals ãƒ¬ãƒ¢ãƒ³asmr åˆ‡æ–­éŸ³ 8ç§’ãƒ«ãƒ¼ãƒ— ç„¡é™ãƒ«ãƒ¼ãƒ—| watermelonasmr glassfruitloop ç ´å£Šã¨å†ç”Ÿ æžœç‰©ã‚¬ãƒ©ã‚¹ã‚¢ãƒ¼ãƒˆ è€³å¿ƒåœ°| kiwicut asmrglass ç·‘ã®æžœç‰© ã‚¬ãƒ©ã‚¹ã®å¿«æ„Ÿ ãƒãƒ«å‹•ç”»| shatterasmr fruitloop å¯æ„›ã„ã‘ã©å£Šã‚Œã‚‹ ã‚¹ãƒˆãƒ­ãƒ™ãƒªãƒ¼å‹•ç”» asmrlovers| glasspeach softcut asmråˆ‡æ–­éŸ³ ç™’ã—ã®8ç§’ æ¡ƒã®ä¸–ç•Œ| glasscrack asmrå‹•ç”» ãƒ‘ã‚¤ãƒŠãƒƒãƒ—ãƒ«å‰²ã£ã¦ã¿ãŸ ã‚¬ãƒ©ã‚¹åˆ‡æ–­| blueberryasmr glasspop å°ã•ãªæžœç‰© è¦–è¦šå¿«æ„Ÿ è€³å¿ƒåœ°å‹•ç”»|",glass asmr ã‚¿ã‚¤ãƒˆãƒ« ãƒãƒƒã‚·ãƒ¥ã‚¿ã‚° ãƒ†ãƒ³ãƒ—ãƒ¬ãƒ¼ãƒˆ tiktok ã‚¬ãƒ©ã‚¹ crack satisfying slice,asmr glassfruit satisfying oddlysatisfying relaxingsounds
notes\MK\20_notes\DeNAã®ã€ŒAIã«ã‚ªãƒ¼ãƒ«ã‚¤ãƒ³ã€.md,ãƒªã‚µãƒ¼ãƒ ã‚³ãƒ¼ãƒ‰ ãƒ„ãƒ¼ãƒ« dena æ´»ç”¨,,ãƒªã‚µãƒ¼ãƒ ã‚³ãƒ¼ãƒ‰ ãƒ„ãƒ¼ãƒ« dena æ´»ç”¨ ã‚¤ãƒ©ã‚¹ãƒˆ ãƒ—ãƒ­ãƒ€ã‚¯ãƒˆ ãƒ¦ãƒ¼ã‚¶ãƒ¼ ã‚¢ã‚¦ãƒˆãƒ—ãƒƒãƒˆ ã‚¨ãƒ³ã‚¸ãƒ‹ã‚¢,ãƒªã‚µãƒ¼ãƒ ã‚³ãƒ¼ãƒ‰ ãƒ„ãƒ¼ãƒ« dena æ´»ç”¨
notes\MK\20_notes\prompt-eval-template.md,ãƒ—ãƒ­ãƒ³ãƒ—ãƒˆ ã‚¹ã‚³ã‚¢ improvement needs ver,,ãƒ—ãƒ­ãƒ³ãƒ—ãƒˆ ã‚¹ã‚³ã‚¢ improvement needs ver ãƒ†ãƒ³ãƒ—ãƒ¬ãƒ¼ãƒˆ well worked ã‚¢ã‚¤ãƒ‡ã‚¢ ãƒ—ãƒ­ãƒ³ãƒ—ãƒˆå†…å®¹,ãƒ—ãƒ­ãƒ³ãƒ—ãƒˆ ã‚¹ã‚³ã‚¢ improvement needs ver
notes\MK\20_notes\sora_mechanical_mineral_fruits.md,loop animation camera first fragments,,loop animation camera first fragments frame fruit identical macro tiktok,loop animation camera first fragments
notes\MK\20_notes\ã‚¹ãƒˆãƒ¬ãƒƒãƒï¼†æœ‰é…¸ç´ ãƒ¡ãƒ‹ãƒ¥ãƒ¼è©³ç´°ï¼ˆ90kgâ†’70kg æ¸›é‡æ”¯æ´ï¼‰.md,ã‚¹ãƒˆãƒ¬ãƒƒãƒ kcal ãƒ¡ãƒ‹ãƒ¥ãƒ¼ week ã‚¹ã‚¿ãƒ†ã‚£ãƒƒã‚¯ã‚¹ãƒˆãƒ¬ãƒƒãƒ,,ã‚¹ãƒˆãƒ¬ãƒƒãƒ kcal ãƒ¡ãƒ‹ãƒ¥ãƒ¼ week ã‚¹ã‚¿ãƒ†ã‚£ãƒƒã‚¯ã‚¹ãƒˆãƒ¬ãƒƒãƒ ã‚¹ãƒˆãƒ¬ãƒƒãƒãƒ—ãƒ­ã‚°ãƒ©ãƒ  ãƒ€ã‚¤ãƒŠãƒŸãƒƒã‚¯ã‚¹ãƒˆãƒ¬ãƒƒãƒ ãƒˆãƒ¬ ã‚«ãƒ­ãƒªãƒ¼ ã‚¹ã‚±ã‚¸ãƒ¥ãƒ¼ãƒ«,ã‚¹ãƒˆãƒ¬ãƒƒãƒ kcal ãƒ¡ãƒ‹ãƒ¥ãƒ¼ week ã‚¹ã‚¿ãƒ†ã‚£ãƒƒã‚¯ã‚¹ãƒˆãƒ¬ãƒƒãƒ
notes\MK\20_notes\ãƒ€ã‚¤ã‚¨ãƒƒãƒˆè¨ˆç”»_Kanban_Phase1_2.md.md,ã‚¿ã‚¹ã‚¯ phase ã‚¦ã‚©ãƒ¼ã‚­ãƒ³ã‚° ä»Šé€±ã®ç›®æ¨™ é‹å‹•ã‚¿ã‚¹ã‚¯,,ã‚¿ã‚¹ã‚¯ phase ã‚¦ã‚©ãƒ¼ã‚­ãƒ³ã‚° ä»Šé€±ã®ç›®æ¨™ é‹å‹•ã‚¿ã‚¹ã‚¯ ã‚¬ã‚¤ãƒ‰ ã‚»ãƒƒãƒˆ ãƒˆãƒ¬ ãƒ¢ãƒãƒ™ãƒ¼ã‚·ãƒ§ãƒ³ ãƒ¢ãƒãƒ™ãƒ¼ã‚·ãƒ§ãƒ³ç¶­æŒ,ã‚¿ã‚¹ã‚¯ phase ã‚¦ã‚©ãƒ¼ã‚­ãƒ³ã‚° ä»Šé€±ã®ç›®æ¨™ é‹å‹•ã‚¿ã‚¹ã‚¯
notes\MK\20_notes\ãƒ€ã‚¤ã‚¨ãƒƒãƒˆè¨ˆç”»ãƒ—ãƒ­ãƒ³ãƒ—ãƒˆ_v2.md,ãƒ€ã‚¤ã‚¨ãƒƒãƒˆ ãƒ—ãƒ©ãƒ³ markdown ãƒ—ãƒ­ãƒ³ãƒ—ãƒˆ ã‚°æœ€é©åŒ–ç‰ˆ,,ãƒ€ã‚¤ã‚¨ãƒƒãƒˆ ãƒ—ãƒ©ãƒ³ ãƒ—ãƒ­ãƒ³ãƒ—ãƒˆ markdown ãƒ—ãƒ­ãƒ³ãƒ—ãƒˆã‚¨ãƒ³ã‚¸ãƒ‹ã‚¢ãƒªãƒ³ã‚° ã‚°æœ€é©åŒ–ç‰ˆ ãƒ€ã‚¤ã‚¨ãƒƒãƒˆè¨ˆç”»ãƒ—ãƒ­ãƒ³ãƒ—ãƒˆ ãƒ•ã‚©ãƒ¼ãƒžãƒƒãƒˆ ãƒ—ãƒ­ãƒ•ã‚¡ã‚¤ãƒ« ãƒ—ãƒ­ãƒ³ãƒ—ãƒˆã‚¨ãƒ³ã‚¸ãƒ‹ã‚¢ãƒªãƒ³,ãƒ€ã‚¤ã‚¨ãƒƒãƒˆ ãƒ—ãƒ©ãƒ³ ãƒ—ãƒ­ãƒ³ãƒ—ãƒˆ markdown ãƒ—ãƒ­ãƒ³ãƒ—ãƒˆã‚¨ãƒ³ã‚¸ãƒ‹ã‚¢ãƒªãƒ³ã‚°
notes\MK\20_notes\å‡ºåŠ›ãƒ¬ã‚¤ã‚¢ã‚¦ãƒˆä»•æ§˜ï¼ˆMarkdownï¼‰.md,ã‚ªãƒ•ãƒ©ã‚¤ãƒ³ ãƒ‡ãƒ¼ã‚¿ã‚³ãƒ³ãƒˆãƒ­ãƒ¼ãƒ« ãƒãƒƒã‚¯ã‚¢ãƒƒãƒ— ãƒ—ãƒ©ã‚¤ãƒã‚·ãƒ¼ ãƒªã‚¹ã‚¯,,ã‚ªãƒ•ãƒ©ã‚¤ãƒ³ ãƒ‡ãƒ¼ã‚¿ã‚³ãƒ³ãƒˆãƒ­ãƒ¼ãƒ« ãƒãƒƒã‚¯ã‚¢ãƒƒãƒ— ãƒ—ãƒ©ã‚¤ãƒã‚·ãƒ¼ ãƒªã‚¹ã‚¯ ãƒ­ãƒƒã‚¯ã‚¤ãƒ³ iphone jpy windows ã‚¢ã‚¯ã‚·ãƒ§ãƒ³,ã‚ªãƒ•ãƒ©ã‚¤ãƒ³ ãƒ‡ãƒ¼ã‚¿ã‚³ãƒ³ãƒˆãƒ­ãƒ¼ãƒ« ãƒãƒƒã‚¯ã‚¢ãƒƒãƒ— ãƒ—ãƒ©ã‚¤ãƒã‚·ãƒ¼ ãƒªã‚¹ã‚¯
notes\MK\30_projects\README.md,agent toast windows run cli,,agent toast windows run cli net ffxiv-return-agent friendly menu scheduler,agent toast windows run cli
notes\MK\40_prompts\Crystal Fruit ASMR Prompt Collection.md,ï¸âƒ£ crystalgrape asmrfruit satisfyingloop obsidiancut,ï¸âƒ£ crystalgrape asmrfruit satisfyingloop obsidiancut glassart crystallemon macroasmr fruitcutting glassslice visualloop crystalpeach glassfruit asmrmacro zencut obsidianslice glasskiwi macrosatisfying asmrart fruitloop visualchime crystalpineapple loopcut fruitglow asmrslice ringart crystalmelon watermelonasmr cuttingloop visualzen crystalorange goldenfruit macroslice zenart loopvisual crystalberry blueglassfruit loopcalm crystalstrawberry glasscutting macroloop visualsatisfying crystalfig fractalcut visualfruit asmrloop obsidianblade,crystal prompt macro ã‚¿ã‚¤ãƒˆãƒ« ãƒãƒƒã‚·ãƒ¥ã‚¿ã‚° chime blade fruit black cut,ï¸âƒ£ crystalgrape asmrfruit satisfyingloop obsidiancut
notes\MK\40_prompts\crystal_fruit_prompts (1).md,crystal camera core loop animation,,crystal camera core loop animation macro black glowing breakdown composition,crystal camera core loop animation
notes\MK\40_prompts\cyber_crystal_food_prompts 1.md,crystal structure food surface green,,crystal structure food surface green light interior outward glass neon,crystal structure food surface green
notes\MK\40_prompts\cyber_crystal_food_v2_all_1to10.md,structure loop core light green,,structure loop core light green camera glowing lighting material shell,structure loop core light green
notes\MK\40_prompts\tiktokå‹•ç”»ç”Ÿæˆãƒ—ãƒ­ãƒ³ãƒ—ãƒˆ1ï¸âƒ£.md,perfectloopchallenge video viewer visual asmr,perfectloopchallenge,video viewer visual asmr explicit intriguing tiktok visually audio clearly,perfectloopchallenge video viewer visual asmr
notes\MK\40_prompts\TikTokæŠ•ç¨¿ç”¨ã‚³ãƒ³ãƒ†ãƒ³ãƒ„è‡ªå‹•ç”Ÿæˆãƒ—ãƒ­ãƒ³ãƒ—ãƒˆ V4ï¼ˆASMRã‚¯ãƒªã‚¹ã‚¿ãƒ«æžœç‰©ï¼‰.md,asmr fruitcut glassfruit slowmotion macroshot,asmr fruitcut glassfruit slowmotion macroshot glassslicing oddlysatisfying soothing zokutto mysteryfeeling fruitasmr asmrjapan satisfyingslice mysterycut,asmr tiktok ã‚¿ã‚¤ãƒˆãƒ« glassfruit ãƒãƒƒã‚·ãƒ¥ã‚¿ã‚° ãƒ—ãƒ­ãƒ³ãƒ—ãƒˆ macroshot ã‚­ãƒ£ãƒ—ã‚·ãƒ§ãƒ³ ã‚¯ãƒªã‚¹ã‚¿ãƒ« obsidian,asmr fruitcut glassfruit slowmotion macroshot
notes\MK\40_prompts\â˜…Prompt Create Prompt.md,ãƒ—ãƒ­ãƒ³ãƒ—ãƒˆ tiktok ãƒã‚º ã‚¿ã‚¹ã‚¯ ã§ãƒã‚ºã‚’ç‹™ã†,,ãƒ—ãƒ­ãƒ³ãƒ—ãƒˆ tiktok ãƒã‚º ã‚¿ã‚¹ã‚¯ ã§ãƒã‚ºã‚’ç‹™ã† ãƒ—ãƒ­ å‹•ç”»ãƒ—ãƒ­ãƒ³ãƒ—ãƒˆç”Ÿæˆç”¨ å›žç­”ä¾‹ asmr ã‚¢ã‚¤ãƒ‡ã‚¢,ãƒ—ãƒ­ãƒ³ãƒ—ãƒˆ tiktok ãƒã‚º ã‚¿ã‚¹ã‚¯ ã§ãƒã‚ºã‚’ç‹™ã†
notes\MK\40_prompts\ã‚¯ãƒªã‚¹ã‚¿ãƒ«æžœç‰©åˆ‡æ–­ASMRå‹•ç”»ç”Ÿæˆãƒ—ãƒ­ãƒ³ãƒ—ãƒˆ.md,ï¸âƒ£ ãƒ—ãƒ­ãƒ³ãƒ—ãƒˆ ã‚¢ãƒ³ã‚°ãƒ« asmr seconds,ï¸âƒ£,ãƒ—ãƒ­ãƒ³ãƒ—ãƒˆ ã‚¢ãƒ³ã‚°ãƒ« asmr seconds ã„ãšã‚Œã‹é¸æŠž ã¸ã®è¨˜è¿°ã«å«ã‚ã‚‹ ã‚ã‚‹ã“ã¨ ã‚¿ã‚¤ãƒ ãƒ©ã‚¤ãƒ³ ã‚¿ã‚¤ãƒ ãƒ©ã‚¤ãƒ³æ§‹æˆ ãƒ†ãƒ³ãƒ—ãƒ¬ãƒ¼ãƒˆ,ï¸âƒ£ ãƒ—ãƒ­ãƒ³ãƒ—ãƒˆ ã‚¢ãƒ³ã‚°ãƒ« asmr seconds
notes\MK\40_prompts\å‹•ç”»ç”Ÿæˆãƒ—ãƒ­ãƒ³ãƒ—ãƒˆ(meta3).md,ï¸âƒ£ ãƒ†ãƒ³ãƒ—ãƒ¬ãƒ¼ãƒˆ ãƒ—ãƒ­ãƒ³ãƒ—ãƒˆ ã‚ãªãŸã®ç›®çš„ ã“ã®å½¢å¼ã§å‡ºåŠ›ã—ã¦ãã ã•,ï¸âƒ£,ãƒ†ãƒ³ãƒ—ãƒ¬ãƒ¼ãƒˆ ãƒ—ãƒ­ãƒ³ãƒ—ãƒˆ ã‚ãªãŸã®ç›®çš„ ã“ã®å½¢å¼ã§å‡ºåŠ›ã—ã¦ãã ã• ã«è¡¨ç¤ºã•ã‚Œã‚‹æƒ…å ±ã§ã¯ã‚ã‚Š ã¾ã›ã‚“ ã‚³ãƒ¡ãƒ³ãƒˆ ãƒ¦ãƒ¼ã‚¶ãƒ¼ ãƒ¦ãƒ¼ã‚¶ãƒ¼å…¥åŠ› ãƒ«ãƒ¼ãƒ—,ï¸âƒ£ ãƒ†ãƒ³ãƒ—ãƒ¬ãƒ¼ãƒˆ ãƒ—ãƒ­ãƒ³ãƒ—ãƒˆ ã‚ãªãŸã®ç›®çš„ ã“ã®å½¢å¼ã§å‡ºåŠ›ã—ã¦ãã ã•
notes\MK\40_prompts\æ˜ åƒç”Ÿæˆãƒ„ãƒ¼ãƒ«å‘ã‘ãƒ—ãƒ­ãƒ³ãƒ—ãƒˆ.md,ï¸âƒ£ neonasmr satisfyingcut looptherapy macrovision,ï¸âƒ£ neonasmr satisfyingcut looptherapy macrovision reversesculpture,ãƒ—ãƒ­ãƒ³ãƒ—ãƒˆ one ãƒ„ãƒ¼ãƒ« neon ã‚­ãƒ£ãƒ—ã‚·ãƒ§ãƒ³ ã‚­ãƒ£ãƒ—ã‚·ãƒ§ãƒ³æ¡ˆ ã‚¿ã‚¤ãƒˆãƒ« ã‚¿ã‚¤ãƒˆãƒ«æ¡ˆ ãƒãƒƒã‚·ãƒ¥ã‚¿ã‚° ãƒãƒƒã‚·ãƒ¥ã‚¿ã‚°æ¡ˆ,ï¸âƒ£ neonasmr satisfyingcut looptherapy macrovision
notes\MK\40_prompts\æ·±å €ã‚Šprompt.md,2 1ã€œ 5)å®Œå…¨ã«ç¹°ã‚Šè¿”ã—ã¦ãã ã•ã„ã€‚ web ã‚¯ã‚¨ãƒª,2 1ã€œ 5)å®Œå…¨ã«ç¹°ã‚Šè¿”ã—ã¦ãã ã•ã„ã€‚,web ã‚¯ã‚¨ãƒª ãƒ©ã‚¦ãƒ³ãƒ‰ created prompt status ã‚®ãƒ£ãƒƒãƒ— ã‚³ãƒ³ãƒ‘ã‚¯ãƒˆ ã‚µã‚¤ã‚¯ãƒ« ãƒªã‚¹ãƒˆ,2 1ã€œ 5)å®Œå…¨ã«ç¹°ã‚Šè¿”ã—ã¦ãã ã•ã„ã€‚ web ã‚¯ã‚¨ãƒª
notes\MK\50_code\ChatGPT å‡ºåŠ› Obsidian ä¿å­˜.md,chatgpt obsidian ãƒ—ãƒ­ãƒ³ãƒ—ãƒˆ` ãƒ—ãƒ­ãƒ³ãƒ—ãƒˆ æ–¹æ³•,chatgpt obsidian ãƒ—ãƒ­ãƒ³ãƒ—ãƒˆ`,chatgpt obsidian ãƒ—ãƒ­ãƒ³ãƒ—ãƒˆ æ–¹æ³• markdown ãƒ†ãƒ³ãƒ—ãƒ¬ãƒ¼ãƒˆ notion ãƒ–ãƒ©ã‚¦ã‚¶ ã¨é€£æºã™ã‚‹æ–¹æ³• ã«ç›´æŽ¥ä¿å­˜ã™ã‚‹æ‹¡å¼µæ©Ÿèƒ½,chatgpt obsidian ãƒ—ãƒ­ãƒ³ãƒ—ãƒˆ` ãƒ—ãƒ­ãƒ³ãƒ—ãƒˆ æ–¹æ³•
notes\MK\50_code\Claude Code Hooksã¨Gemini CLIã§å§‹ã‚ã‚‹AIãƒ‘ã‚¤ãƒ—ãƒ©ã‚¤ãƒ³å®Ÿè¡Œï½œæ¾æ¿¤Vimmer.md,claude code gemini hooks cli,,claude code gemini hooks cli ãƒ‘ã‚¤ãƒ—ãƒ©ã‚¤ãƒ³ ãƒ•ã‚¡ã‚¤ãƒ« ã‚³ãƒžãƒ³ãƒ‰ vimmer ã§ã¯ãªã,claude code gemini hooks cli
notes\MK\50_code\Codex CLIã‚’ä½¿ã„ã“ãªã™ãŸã‚ã®æ©Ÿèƒ½ãƒ»è¨­å®šã¾ã¨ã‚.md,codex cli code claude ãƒ•ã‚¡ã‚¤ãƒ«,,codex cli code claude ãƒ•ã‚¡ã‚¤ãƒ« mcp config toml openai chatgpt,codex cli code claude ãƒ•ã‚¡ã‚¤ãƒ«
notes\MK\50_code\crystal_fruit_prompts.md,chatgpt output pronmpts,,chatgpt created crystal fruit output prompts pronmpts status,chatgpt created crystal fruit output
notes\MK\50_code\crystal_fruit_prompts_v5.md,chatgpt output pronmpts,,chatgpt created crystal lemon output pronmpts status ãƒ—ãƒ­ãƒ³ãƒ—ãƒˆ,chatgpt created crystal lemon output
notes\MK\50_code\Crystal_Video_Prompts_Veo.md,chatgpt output pronmpts,,chatgpt created crystal output prompts pronmpts status veo video,chatgpt created crystal output prompts
notes\MK\50_code\CrystalFruit_ASMR_Prompts_Veo (1).md,crystal slice side macro top,,crystal slice side macro top veo asmr fruit prompts angle,crystal slice side macro top
notes\MK\50_code\Dashboard.md,,,dashboard vault inlinks orphans outlinks recently unlinked untagged ç„¡ã— created,dashboard vault inlinks orphans outlinks
notes\MK\50_code\gemini 2.5 proã§ã‚¹ãƒ©ã‚¤ãƒ‰ç”Ÿæˆã•ã›ã‚‹(deep reserarchçµæžœã‚’æ¸¡ã™).md,4285f4 ea4335 fbbc04 34a853 333333,4285f4 ea4335 fbbc04 34a853 333333 ffffff f8f9fa e8eaed f5f5f3 dadce0 9e9e9e efefed,const layout slide data config left string top area width,4285f4 ea4335 fbbc04 34a853 333333
notes\MK\50_code\Gemini CLI.md,gemini cli code claude google,,gemini cli code claude google ãƒ¢ãƒ‡ãƒ« ã‚³ãƒžãƒ³ãƒ‰ ãƒ•ã‚¡ã‚¤ãƒ« assist ãƒ„ãƒ¼ãƒ«,gemini cli code claude google
notes\MK\50_code\Generate glossary.md,false glossary alphabetically concepts copilot-command-context-menu-enabled,,glossary false alphabetically concepts copilot-command-context-menu-enabled copilot-command-context-menu-order copilot-command-last-used copilot-command-model-key copilot-command-slash-enabled create,glossary false alphabetically concepts copilot-command-context-menu-enabled
notes\MK\50_code\o3 MCPã§Claude CodeãŒæœ€å¼·ã®æ¤œç´¢åŠ›ã‚’æ‰‹ã«å…¥ã‚ŒãŸ.md,claude code mcp api discussion,,claude code mcp api discussion global ã‚³ãƒ¼ãƒ‡ã‚£ãƒ³ã‚° zenn chatgpt env,claude code mcp api discussion
notes\MK\50_code\Obsidianã¨Gemini CLIã§çŸ¥è­˜ã‚’è‚²ã¦ã‚‹ï¼šç¬¬äºŒã®è„³ã‚’æ§‹ç¯‰ã™ã‚‹å®Ÿè·µã‚¬ã‚¤ãƒ‰.md,ãƒŽãƒ¼ãƒˆ gemini cli ãƒªãƒ³ã‚¯ obsidian,,ãƒŽãƒ¼ãƒˆ gemini cli ãƒªãƒ³ã‚¯ obsidian zettelkasten ãƒ¯ãƒ¼ã‚¯ãƒ•ãƒ­ãƒ¼ web ã‚¢ã‚¤ãƒ‡ã‚¢ ãƒ¡ãƒ¢,ãƒŽãƒ¼ãƒˆ gemini cli ãƒªãƒ³ã‚¯ obsidian
notes\MK\50_code\Remove URLs.md,urls false copilot-command-context-menu-enabled copilot-command-context-menu-order copilot-command-last-used,,urls false copilot-command-context-menu-enabled copilot-command-context-menu-order copilot-command-last-used remove copilot-command-model-key copilot-command-slash-enabled created formats,urls false copilot-command-context-menu-enabled copilot-command-context-menu-order copilot-command-last-used
notes\MK\50_code\sora_crystal_fruits_prompts.md,loop crystal fruit animation camera,,loop crystal fruit animation camera first fragments frame identical macro,loop crystal fruit animation camera
notes\MK\50_code\tiktok asmrã‚­ãƒ£ãƒ—ã‚·ãƒ§ãƒ³é›†.md,asmr satisfying fyp glassfruit oddlysatisfying,asmr satisfying fyp glassfruit oddlysatisfying éŸ³ãƒ•ã‚§ãƒ ç™’ã—å‹•ç”» ã‚¬ãƒ©ã‚¹ã®æžœç‰© ãƒ«ãƒ¼ãƒ—å‹•ç”» grape glasscut ã¶ã©ã†asmr ç ´å£ŠéŸ³ ãƒãƒ«å‹•ç”»,asmr satisfying ã‚¬ãƒ©ã‚¹ oddlysatisfying fyp glassfruit grape ãƒ•ã‚§ãƒ ç™’ã—å‹•ç”» éŸ³ãƒ•ã‚§ãƒ,asmr satisfying fyp glassfruit oddlysatisfying
notes\MK\50_code\ã€Obsidianã®ä½¿ã„æ–¹ãŒå¤‰ã‚ã‚‹ã€‘Gemini CLIã¯ã€ã‚ãªãŸã®æ€è€ƒã«å¯„ã‚Šæ·»ã†ã€Œç„¡æ–™ã®åŸ·äº‹ã€ï½œå°‘ã—æ˜Žã‚‹ã„é«˜æ©‹ãã‚“.md,gemini cli obsidian ãƒ„ãƒ¼ãƒ« ãƒŽãƒ¼ãƒˆ,,gemini cli obsidian ãƒ„ãƒ¼ãƒ« ãƒŽãƒ¼ãƒˆ ã‚¿ãƒ¼ãƒŸãƒŠãƒ« cursor ãƒ†ãƒ³ãƒ—ãƒ¬ãƒ¼ãƒˆ ãƒ•ã‚¡ã‚¤ãƒ« google,gemini cli obsidian ãƒ„ãƒ¼ãƒ« ãƒŽãƒ¼ãƒˆ
notes\MK\50_code\å…ˆè¼©ç¤¾å“¡ãŒã©ã†ã‚„ã£ã¦ä¸å…·åˆã‚’è§£æ±ºã—ã¦ã„ã‚‹ã®ã‹ 1.md,comments ã‚¹ãƒ­ãƒ¼ ãƒ‡ãƒãƒƒã‚¬ ã‚¹ã‚¿ãƒƒã‚¯ãƒˆãƒ¬ãƒ¼ã‚¹ jjugccc2024,comments,ã‚¹ãƒ­ãƒ¼ ãƒ‡ãƒãƒƒã‚¬ ã‚¹ã‚¿ãƒƒã‚¯ãƒˆãƒ¬ãƒ¼ã‚¹ jjugccc2024 ãƒ‡ãƒãƒƒã‚° ãƒ–ãƒ¬ãƒ¼ã‚¯ãƒã‚¤ãƒ³ãƒˆ ã‚¨ãƒ©ãƒ¼ ã‚·ã‚¹ãƒ†ãƒ  caused image,comments ã‚¹ãƒ­ãƒ¼ ãƒ‡ãƒãƒƒã‚¬ ã‚¹ã‚¿ãƒƒã‚¯ãƒˆãƒ¬ãƒ¼ã‚¹ jjugccc2024
notes\MK\50_code\æ–°Codex CLIã®ä½¿ã„æ–¹.md,codex cli api ãƒ¢ãƒ‡ãƒ« mcp,,codex cli api ãƒ¢ãƒ‡ãƒ« mcp ã‚¯ãƒ­ãƒ¼ãƒ‰ ã‚³ãƒ¼ãƒ‰ openai chatgpt ã‚µãƒ–ã‚¹ã‚¯ãƒªãƒ—ã‚·ãƒ§ãƒ³,codex cli api ãƒ¢ãƒ‡ãƒ« mcp
notes\MK\50_code\éžã‚¨ãƒ³ã‚¸ãƒ‹ã‚¢ã§ã‚‚ã§ãã‚‹ï¼AIé§†å‹•PMã®å¯èƒ½æ€§ã€€ã€œ Obsidian Ã— Cursor ã€œï½œã™ã…  AIé§†å‹•PM.md,ãƒ—ãƒ­ã‚¸ã‚§ã‚¯ãƒˆ obsidian wbs ãƒ—ãƒ­ã‚¸ã‚§ã‚¯ãƒˆãƒžãƒã‚¸ãƒ¡ãƒ³ãƒˆ cursor,,ãƒ—ãƒ­ã‚¸ã‚§ã‚¯ãƒˆ obsidian wbs ãƒ—ãƒ­ã‚¸ã‚§ã‚¯ãƒˆãƒžãƒã‚¸ãƒ¡ãƒ³ãƒˆ cursor notion ã‚¨ãƒ³ã‚¸ãƒ‹ã‚¢ ã‚¿ã‚¹ã‚¯ ãƒ•ãƒ­ãƒ¼ é§†å‹•,ãƒ—ãƒ­ã‚¸ã‚§ã‚¯ãƒˆ obsidian wbs ãƒ—ãƒ­ã‚¸ã‚§ã‚¯ãƒˆãƒžãƒã‚¸ãƒ¡ãƒ³ãƒˆ cursor
