file,current_yaml_tags,proposed_additions,final_tags
notes\MK\10_research\(記事一覧).md,,記事一覧 auto-generated created resolve status,記事一覧 auto-generated created resolve status
notes\MK\10_research\2025-06-30.md,chatgpt gpt4 プロンプト daily,created,chatgpt gpt4 プロンプト daily created
notes\MK\10_research\2025-07-02.md,twitter,created status,twitter created status
notes\MK\10_research\2025-08-29.md,monat obsidian,created status,monat obsidian created status
notes\MK\10_research\2025-13-01.md,aaaa daily,created status,aaaa daily created status
notes\MK\10_research\AI FREAK - 最新のAIツールをご紹介.md,,freak ツール ツールをご紹介 最新の auto-generated,freak ツール ツールをご紹介 最新の auto-generated
notes\MK\10_research\aokikenichi.md,,aokikenichi auto-generated created resolve status,aokikenichi auto-generated created resolve status
notes\MK\10_research\ChatGPT研究所.md,,chatgpt 研究所 auto-generated created resolve,chatgpt 研究所 auto-generated created resolve
notes\MK\10_research\config_6-29135137.json.md,openai configs llm textgenerator,config,openai configs llm textgenerator config
notes\MK\10_research\erukiti.md,,erukiti auto-generated created resolve status,erukiti auto-generated created resolve status
notes\MK\10_research\F1-Gate.com 編集部.md,,f1-gate 編集部 auto-generated created resolve,f1-gate 編集部 auto-generated created resolve
notes\MK\10_research\ggen-ryu-dohara.md,,ggen-ryu-dohara auto-generated created resolve status,ggen-ryu-dohara auto-generated created resolve status
notes\MK\10_research\Google Docs.md,,docs google auto-generated created resolve,docs google auto-generated created resolve
notes\MK\10_research\LTD..md,,ltd auto-generated created resolve status,ltd auto-generated created resolve status
notes\MK\10_research\Rei丨暮らしとNotion。.md,,notion rei 丨暮らしと auto-generated created,notion rei 丨暮らしと auto-generated created
notes\MK\10_research\sakes9.md,,sakes9 auto-generated created resolve status,sakes9 auto-generated created resolve status
notes\MK\10_research\Shin.md,,shin auto-generated created resolve status,shin auto-generated created resolve status
notes\MK\10_research\SNSショート動画バズり徹底分析.md,asmr,created sns status ショート,asmr created sns status ショート
notes\MK\10_research\SQUARE ENIX CO..md,,enix square auto-generated created resolve,enix square auto-generated created resolve
notes\MK\10_research\Takaaki Umada\馬田隆明.md,,馬田隆明 auto-generated created resolve status,馬田隆明 auto-generated created resolve status
notes\MK\10_research\tomo@ビジネススキル向上のお手伝い.md,,tomo ビジネススキル ビジネススキル向上のお手 伝い auto-generated,tomo ビジネススキル ビジネススキル向上のお手 伝い auto-generated
notes\MK\10_research\Zenn.md,,zenn auto-generated created resolve status,zenn auto-generated created resolve status
notes\MK\10_research\おかか容疑者.md,,おかか容疑者 auto-generated created resolve status,おかか容疑者 auto-generated created resolve status
notes\MK\10_research\ここに画像URLを貼る.md,,url ここに画像 を貼る auto-generated created,url ここに画像 を貼る auto-generated created
notes\MK\10_research\まじん.md,,まじん auto-generated created resolve status,まじん auto-generated created resolve status
notes\MK\10_research\オープンAI.md,,オープン auto-generated created resolve status,オープン auto-generated created resolve status
notes\MK\10_research\ライフハッカー・ジャパン編集部.md,,ライフハッカー ジャパン ジャパン編集部 auto-generated created,ライフハッカー ジャパン ジャパン編集部 auto-generated created
notes\MK\10_research\岡村彩加.md,,岡村彩加 auto-generated created resolve status,岡村彩加 auto-generated created resolve status
notes\MK\50_code\crystal_fruit_prompts.md,chatgpt output pronmpts,created crystal,chatgpt output pronmpts created crystal
notes\MK\50_code\crystal_fruit_prompts_v5.md,chatgpt output pronmpts,created crystal,chatgpt output pronmpts created crystal
notes\MK\50_code\Crystal_Video_Prompts_Veo.md,chatgpt output pronmpts,created crystal,chatgpt output pronmpts created crystal
notes\MK\50_code\laiso.md,,laiso auto-generated created resolve status,laiso auto-generated created resolve status
notes\MK\50_code\opengl-8080.md,,opengl-8080 auto-generated created resolve status,opengl-8080 auto-generated created resolve status
notes\MK\50_code\png-.jpg-.jpeg-.gif-.webp.md,,gif- jpeg- jpg- png- webp,gif- jpeg- jpg- png- webp
notes\MK\50_code\すぅ.md,,すぅ auto-generated created resolve status,すぅ auto-generated created resolve status
notes\MK\50_code\ノート名.md,,ノート ノート名 auto-generated created resolve,ノート ノート名 auto-generated created resolve
notes\MK\50_code\プロジェクト計画書テンプレート.pdf.md,,テンプレート プロジェクト プロジェクト計画書テンプ レート auto-generated,テンプレート プロジェクト プロジェクト計画書テンプ レート auto-generated
notes\MK\50_code\少し明るい高橋くん.md,,少し明るい高橋くん auto-generated created resolve status,少し明るい高橋くん auto-generated created resolve status
notes\MK\50_code\松濤Vimmer.md,,vimmer 松濤 auto-generated created resolve,vimmer 松濤 auto-generated created resolve
